paper	dataset	accession	sample	age	region	genotype	technology	resource_type	filename	format	url	size_if_known	download_priority	downloaded	reason	notes
LaManno2021	Developing mouse nervous system	DOI:10.1038/s41586-021-03775-x	all cells	multiple	mouse nervous system	WT/reference atlas	10x scRNA-seq	publication		HTML	https://doi.org/10.1038/s41586-021-03775-x		P1	no	Publication and methods provenance	Do not treat the publication page as a cell-level data object.
LaManno2021	Developing mouse nervous system	GitHub:linnarsson-lab/development-mouse	all cells	multiple	mouse nervous system	WT/reference atlas	analysis repository	author_code	development-mouse	Git repository	https://github.com/linnarsson-lab/development-mouse		P1	no	Author code and links to processed objects	Clone only if small code inspection is needed; do not run the full author pipeline during the checkpoint.
LaManno2021	Developing mouse nervous system	GitHub:linnarsson-lab/development-mouse	published author sample registry	multiple	mouse nervous system	WT/reference atlas	10x scRNA-seq	author_sample_registry	pooling_specification.tab	TSV	https://raw.githubusercontent.com/linnarsson-lab/development-mouse/master/pooling_specification.tab		P1	no	Author sample IDs and pooling/design metadata	Small metadata-only input; preserve every submitted field and do not infer missing attributes.
LaManno2021	Developing mouse nervous system	PRJNA637987	all cells	multiple	mouse nervous system	WT/reference atlas	scRNA-seq	raw_sequencing		SRA/BioProject	https://www.ncbi.nlm.nih.gov/bioproject/PRJNA637987		RAW	no	Verify later raw reproducibility	Raw access only; never download FASTQ/SRA during this audit.
LaManno2021	Developing mouse nervous system	processed_author_object	all cells	multiple	mouse nervous system	WT/reference atlas	10x scRNA-seq	processed_cell_object	developing_mouse_nervous_system.h5ad	H5AD	https://www.dropbox.com/scl/fi/taxtkhr3fezv6qoe86vcb/developing_mouse_nervous_system.h5ad?rlkey=fnphj9kokc2mstzudx3cmze6n&st=u7sawgjl&dl=1	31053 genes x 292495 cells	P0	no	Minimal cell-level object advertised by the author repository	Inspect backed; do not recompute UMAP or normalize during checkpoint.
LaManno2021	Developing mouse nervous system	processed_author_object	798 aggregate clusters	multiple	mouse nervous system	WT/reference atlas	aggregated expression	processed_cluster_object	dev_all.agg.loom	LOOM	https://www.dropbox.com/scl/fi/67mu8p6sxqymui39ltz54/dev_all.agg.loom?rlkey=64invw7it2hqe578k1jidpztt&st=rp3jocip&dl=1	31053 genes x 798 clusters	P1	no	Potential small hierarchy and aggregate-expression support	Do not download until the cell-level object schema has been inspected.
Bandler2022	Single-cell delineation of lineage and genetic identity in the mouse brain	DOI:10.1038/s41586-021-04237-0	CA301	E15	MGE	WT	10x scRNA-seq	publication		HTML	https://doi.org/10.1038/s41586-021-04237-0		P1	no	Publication and methods provenance	Use supplements only to document published structure, not to invent per-cell labels.
Bandler2022	Single-cell delineation of lineage and genetic identity in the mouse brain	GSE188528	CA301 / GSM5684876	E15	MGE	WT	10x scRNA-seq	processed_cell_object	GSM5684876_CA301_filtered_RNA_counts.RDS.gz	RDS.gz	https://ftp.ncbi.nlm.nih.gov/geo/samples/GSM5684nnn/GSM5684876/suppl/GSM5684876_CA301_filtered_RNA_counts.RDS.gz	21.4 MB	P0	no	Age- and anatomy-matched processed object	Must inspect with readRDS; the extension does not establish that this is Seurat.
Bandler2022	Single-cell delineation of lineage and genetic identity in the mouse brain	GSE188528	CA302 / GSM5684875	E15	CGE	WT	10x scRNA-seq	processed_cell_object_e15_comparator	GSM5684875_CA302_filtered_RNA_counts.RDS.gz	RDS.gz	https://ftp.ncbi.nlm.nih.gov/geo/samples/GSM5684nnn/GSM5684875/suppl/GSM5684875_CA302_filtered_RNA_counts.RDS.gz	15019987 bytes	P1	yes	Resolve the public later-atlas E15 sample/barcode mixture	Deposited 2,948-cell count matrix; 2,937 barcodes are retained in the later atlas.
Bandler2022	Single-cell delineation of lineage and genetic identity in the mouse brain	GSE188528	CA303 / GSM5684874	E15	LGE	WT	10x scRNA-seq	processed_cell_object_e15_comparator	GSM5684874_CA303_filtered_RNA_counts.RDS.gz	RDS.gz	https://ftp.ncbi.nlm.nih.gov/geo/samples/GSM5684nnn/GSM5684874/suppl/GSM5684874_CA303_filtered_RNA_counts.RDS.gz	14599245 bytes	P1	yes	Resolve the public later-atlas E15 sample/barcode mixture	Deposited 2,763-cell count matrix; only 2 barcodes are retained in the later inhibitory/excitatory atlas.
Bandler2022	Single-cell delineation of lineage and genetic identity in the mouse brain	GSE188528	all deposited samples	multiple	multiple brain regions	multiple	10x scRNA-seq	geo_series_metadata	GSE188528_family.soft.gz	SOFT.gz	https://ftp.ncbi.nlm.nih.gov/geo/series/GSE188nnn/GSE188528/soft/GSE188528_family.soft.gz		P1	no	GEO sample and raw-access metadata	Small metadata candidate for the post-checkpoint annotation-linkage audit.
Bandler2022	Single-cell delineation of lineage and genetic identity in the mouse brain	GitHub:mayer-lab/Bandler-et-al_lineage	all deposited samples	multiple	multiple brain regions	multiple	analysis repository	author_code	Bandler-et-al_lineage	Git repository	https://github.com/mayer-lab/Bandler-et-al_lineage		P1	no	Search for barcode-to-published-annotation reconstruction path	Do not rerun the full study during checkpoint.
Bandler2022	Single-cell delineation of lineage and genetic identity in the mouse brain	GSE188528	CA301 and associated samples	multiple	multiple brain regions	multiple	scRNA-seq	raw_sequencing		GEO/SRA	https://www.ncbi.nlm.nih.gov/geo/query/acc.cgi?acc=GSE188528		RAW	no	Verify associated SRA/BioProject accessions	Raw access only; never download FASTQ/SRA during this audit.
Bandler2022	Single-cell delineation of lineage and genetic identity in the mouse brain	Git commit a8fa139a5ed6d8832b07b61f384982d630893c93	65,700 STICR cells	postnatal collection	forebrain	lineage traced	10x scRNA-seq	author_seurat_object	STICR.seuratobject.RDS	Seurat RDS	https://keeper.mpdl.mpg.de/f/0d1a23ab36fe473481b0/?dl=1	1023351516 bytes	P1	yes	Recover author broad/refined labels and UMAP	This is the postnatal STICR reference and contains no CA298--CA303 embryonic samples; do not use it as a CA301 barcode join.
Bandler2022	Single-cell delineation of lineage and genetic identity in the mouse brain	Nature Supplementary Data 1--4	published sample and marker tables	multiple	multiple brain regions	multiple	10x scRNA-seq	publisher_supplements	41586_2021_4237_MOESM2-5_ESM.xlsx	XLSX	https://www.nature.com/articles/s41586-021-04237-0	159989 bytes total	P1	yes	Preserve sample design and complete published annotation vocabularies	Marker tables define labels but do not contain per-cell barcodes or embeddings.
Bandler2022	Single-cell delineation of lineage and genetic identity in the mouse brain	GitHub issue 1	MUC28072 TrackerSeq cells	E16.5	ganglionic eminence	lineage traced	10x TrackerSeq	author_lineage_metadata	TrackerSeq.MUC28072.md.RDS	RDS	https://keeper.mpdl.mpg.de/f/9b9d33a7503b4658aad1/?dl=1	179390 bytes	P1	yes	Preserve author-posted cell-to-lineage-barcode metadata	This is TrackerSeq metadata, not CA301 annotation metadata.
Bandler2022	Temporal control of progenitor competence shapes maturation in GABAergic neuron development in mice	GitHub:fneuh/mind_shiny	Bandler embryonic cells in later integrated atlas	E13.5/E15.5	MGE/CGE/LGE	WT	later Mayer-lab reanalysis	interactive_atlas_code	EXCIT_INHIBIT_cleaned_sub.rds named but not deposited	Seurat RDS / generated TSV+HDF5	https://github.com/fneuh/mind_shiny		P1	no	Later barcode-preserving annotation/UMAP lead	Public code proves the server-side schema and names the RDS/generated TSV/HDF5, but those underlying files are not returned through an intended public endpoint.
Bandler2022	Temporal control of progenitor competence shapes maturation in GABAergic neuron development in mice	MIND live Shiny atlas	18,424 Bandler study cells	E13/E15	MGE/CGE/LGE	WT	later Mayer-lab reanalysis	interactive_atlas_public_plot_exports	UMAP and 24 RNA-expression vector PDFs	Vector PDF/PNG	https://mayerlab.net/mouse-inhibitory-neuron-development/	generated per public session	P1	yes	Recover intended public atlas evidence and the deposited E15 barcode join	Discrete vectors yield 11,004 E13 and 7,420 E15 Bandler cells; expression fingerprints plus preserved order definitively resolve E15 as 4,481 CA301 MGE, 2,937 CA302 CGE, and 2 CA303 LGE barcodes with later-atlas labels/plot coordinates.
Mayer2018	Developmental diversification of cortical inhibitory interneurons	DOI:10.1038/nature25999	multiple	multiple	MGE/CGE/cortex/subcortex	multiple	10x and Smart-seq2 scRNA-seq	publication		HTML	https://doi.org/10.1038/nature25999		P1	no	Publication and methods provenance	Document the Lhx6-positive enrichment when judging reference suitability.
Mayer2018	Developmental diversification of cortical inhibitory interneurons	GSE104156 / GSM2790898	MGE_E13.5_Lhx6pos	E13.5	MGE	Lhx6(BAC)-GFP selected	10x Chromium v2 scRNA-seq	processed_expression	GSE104156_digital_expression.csv.gz	CSV.gz	https://ftp.ncbi.nlm.nih.gov/geo/series/GSE104nnn/GSE104156/suppl/GSE104156_digital_expression.csv.gz	69.3 MB	P0	no	Minimum deposited 10x processed expression matrix	Inspect cell identifiers and whether author annotations or coordinates are present; preserve selection-bias warning.
Mayer2018	Developmental diversification of cortical inhibitory interneurons	GSE104156	all deposited 10x samples	multiple	MGE/CGE/cortex/subcortex	multiple	10x Chromium v2 scRNA-seq	geo_series_metadata	GSE104156_family.soft.gz	SOFT.gz	https://ftp.ncbi.nlm.nih.gov/geo/series/GSE104nnn/GSE104156/soft/GSE104156_family.soft.gz		P1	no	GEO sample, library, instrument, BioSample, and raw-access metadata	Small metadata-only input used to build the published sample inventory.
Mayer2018	Developmental diversification of cortical inhibitory interneurons	GSE104157	Smart-seq2 MGE cells	E13.5	MGE	Dlx6-negative/FlashTag selections	Smart-seq2 scRNA-seq	processed_expression	GSE104157_digital_expression.csv.gz	CSV.gz	https://ftp.ncbi.nlm.nih.gov/geo/series/GSE104nnn/GSE104157/suppl/GSE104157_digital_expression.csv.gz	8.1 MB	P1	no	Potential annotation support not present in the 10x object	Download only if checkpoint shows it materially helps recover published MGE annotations.
Mayer2018	Developmental diversification of cortical inhibitory interneurons	GSE104157	all deposited Smart-seq2 samples	multiple	MGE	multiple	Smart-seq2 scRNA-seq	geo_series_metadata	GSE104157_family.soft.gz	SOFT.gz	https://ftp.ncbi.nlm.nih.gov/geo/series/GSE104nnn/GSE104157/soft/GSE104157_family.soft.gz		P1	no	GEO sample, library, instrument, BioSample, and raw-access metadata	Small metadata-only input used to determine whether Smart-seq2 adds relevant annotation support.
Mayer2018	Developmental diversification of cortical inhibitory interneurons	PRJNA411878 / SRP118737 / SRR6061126	MGE_E13.5_Lhx6pos	E13.5	MGE	Lhx6(BAC)-GFP selected	10x Chromium v2 scRNA-seq	raw_sequencing		SRA/BioProject	https://www.ncbi.nlm.nih.gov/bioproject/PRJNA411878	6.7 GB for SRR6061126	RAW	no	Verify later raw reproducibility	Raw access only; never download FASTQ/SRA during this audit.
Mayer2018	Developmental diversification of cortical inhibitory interneurons	PRJNA411877 / SRP118738	Smart-seq2 MGE cells	E13.5	MGE	Dlx6-negative/FlashTag selections	Smart-seq2 scRNA-seq	raw_sequencing		SRA/BioProject	https://www.ncbi.nlm.nih.gov/bioproject/PRJNA411877		RAW	no	Verify later Smart-seq2 raw reproducibility	Raw access only; never download FASTQ/SRA during this audit.
